amfi_code,expense_ratio,return_1y,return_3y,return_5y,aum_crores
125497,0.011928931545754886,0.095296989443347,0.17067718103888485,0.13907373873271267,19348.62101668054
119551,0.019067821675807152,0.1995546753737591,0.13586552442955377,0.14750888169722243,37177.4883071802
120503,0.0179969725091302,0.14148097432872478,0.14083459912033858,0.14890827830792913,16150.39489658212
118632,0.014749992174744743,0.1985756395889885,0.15012740088745682,0.14770129726148432,13428.198554688126
119092,0.02125280144140286,0.2050326287273581,0.17411060853840693,0.12537740517632487,43297.92076152385
120841,0.008408066763982848,0.08874406310667,0.10152928755438113,0.13197582353486725,5354.531404538756
