Fund,Beta,Alpha_Annualized,R_Squared
amfi_code,-5.032683510474859e-06,0.0005575218032781543,0.00015825054977520165
