Fund,Value_at_Risk_95,Conditional_VaR_95
amfi_code,0.0,0.0
nav,-0.00847702295194308,-0.019619308541804388
